{"train_loss": [1.0943000129993998, 1.0741276211143065, 1.077086168589363, 1.07735901025027, 1.0756529668704122, 1.0744528474328905, 1.0726151272418007, 1.0733029009935298, 1.07303764883961, 1.0720123317440877, 1.0723594911067995, 1.0731266341919516, 1.0722321831084118, 1.0749879455681712, 1.0717856683677993, 1.0738706536906422, 1.0731692523966547, 1.0743232475859779, 1.0714351801789732, 1.0724659753434451], "val_loss": [1.0700030038018284, 1.0709526321113214, 1.0743178987918287, 1.0708890851041732, 1.0745695393821602, 1.0689304942426123, 1.0706441923614585, 1.0691157298973997, 1.0839653801455489, 1.0711228074325245, 1.082045972991137, 1.0696200724080127, 1.0704159873818595, 1.0708718807214783, 1.0732579245503064, 1.0694910577996066, 1.07129804456255, 1.0690146526502449, 1.0698516760251404, 1.0698717503070936], "val_rmse": [0.9886714616360067, 0.9863985808438094, 0.9858779250208873, 0.9821149191213032, 0.985660839057158, 0.9832147877577961, 0.9863202402489736, 0.986343702968256, 0.9890488888115689, 0.9870679530280607, 0.9930011292614004, 0.981495143796401, 0.9822499904209975, 0.9833100699348214, 0.9872248802839974, 0.9867771683651724, 0.9880685566857168, 0.9807593794884505, 0.9847941290606897, 0.9853764843110264]}