{"train_loss": [1.1075338314252872, 1.104277003260832, 1.1040551292034921, 1.102510841346528, 1.1009560526337152, 1.1020926250246676, 1.0989911808900048, 1.0990294099340259, 1.0983997266723182, 1.0992609001564706], "val_loss": [1.0979604657831383, 1.09670128076743, 1.112474533707902, 1.0971109632754164, 1.0964819113847124, 1.09873252089022, 1.1008706220624414, 1.0969132822092353, 1.098751971396294, 1.0969148213060234], "val_rmse": [0.9939397868866222, 0.9960580200903, 1.0074609711214348, 0.9932169838162958, 0.9963259282776498, 0.9972119120588588, 1.0004543986637966, 0.996791984143501, 0.9948106296689001, 0.9938848151101006]}