{"rmse": 0.01020314037059253, "train_score": 0.9999031010000213, "test_score": 0.37138477354056076}